{"loss": [1.2949395179748535, 0.41398191452026367, 0.2566293776035309, 0.17903126776218414, 0.13217484951019287, 0.10610047727823257, 0.08495304733514786, 0.06904759258031845, 0.06205694004893303, 0.05605735629796982], "accuracy": [0.6187779903411865, 0.8675439357757568, 0.9167792797088623, 0.9414752125740051, 0.9570382237434387, 0.965772807598114, 0.9716907143592834, 0.9768120050430298, 0.9800412654876709, 0.9817910194396973], "val_loss": [0.48134294152259827, 0.33443063497543335, 0.20083726942539215, 0.1996627300977707, 0.16725562512874603, 0.1545543223619461, 0.11248218268156052, 0.137516587972641, 0.11169767379760742, 0.09547349065542221], "val_accuracy": [0.8479968309402466, 0.8949465155601501, 0.9358069896697998, 0.9360914826393127, 0.9452537894248962, 0.9553266763687134, 0.9646596908569336, 0.9606760740280151, 0.9675050973892212, 0.9699522256851196]}